Image,1,2,3,4,5,6,7,8,9,10,11,12,13,14,15,16,17,18,19,20,21,22,23,24,25,26,27,28,29,30,31,32,33,34,35,36,37,38,39,40,41,42,43,44,45,46,47,48,49,50,51,52,53,54,55,56,57,58,59,60,61,62,63,64
2098late4,0.3754449486732483,0.3154523968696594,0.24735863506793976,0.12845495343208313,0.5871965289115906,0.11107905209064484,0.22800803184509277,0.14601147174835205,1.0132182836532593,0.08279212564229965,0.472002238035202,0.7072696089744568,0.16045355796813965,0.2080986052751541,0.23118984699249268,0.16197115182876587,0.35757583379745483,0.41062790155410767,0.11721859872341156,0.33106473088264465,0.11150246113538742,0.5674728751182556,0.42716726660728455,0.31975504755973816,0.04835546389222145,0.6225801706314087,0.2967694401741028,0.3608177602291107,0.47714415192604065,0.205337792634964,0.5591592788696289,0.36068928241729736,0.1359889656305313,0.0798548012971878,0.6370643973350525,0.1008213460445404,0.4487990438938141,0.3190981149673462,0.6747376322746277,0.695742130279541,0.3855915069580078,0.5653004050254822,0.7087130546569824,0.5720712542533875,0.33442750573158264,0.5229144096374512,0.9567195177078247,0.695589005947113,0.26228392124176025,0.4802689850330353,0.9842463731765747,0.6126946210861206,0.33731609582901,0.4059869945049286,0.16992758214473724,0.4462679922580719,0.1219833493232727,0.26494860649108887,0.45940548181533813,0.6033112406730652,0.5271333456039429,0.9093437790870667,0.1469862461090088,0.7630216479301453
2076late6,0.3887560963630676,0.3351204991340637,0.254275381565094,0.14064128696918488,0.587030827999115,0.13535986840724945,0.23688311874866486,0.1605440229177475,1.0254511833190918,0.09346514195203781,0.4821537137031555,0.721637487411499,0.16879120469093323,0.21739056706428528,0.24194718897342682,0.18050861358642578,0.3627597391605377,0.41525349020957947,0.1148306205868721,0.3395195007324219,0.12030576914548874,0.5723317861557007,0.4317122995853424,0.31256940960884094,0.06806676834821701,0.6339750289916992,0.31139910221099854,0.37334299087524414,0.5027386546134949,0.2287748157978058,0.5837810039520264,0.36129409074783325,0.15850135684013367,0.09370651841163635,0.640103816986084,0.11519616097211838,0.44959700107574463,0.3253523111343384,0.6628652811050415,0.7153447270393372,0.4170626699924469,0.5716546177864075,0.7222041487693787,0.5791109204292297,0.34314051270484924,0.5050009489059448,0.9607017636299133,0.7200259566307068,0.2858372628688812,0.5108212232589722,1.007143259048462,0.6334127187728882,0.3508113622665405,0.4248867332935333,0.1747906506061554,0.46286019682884216,0.14054176211357117,0.2765960693359375,0.4577251374721527,0.6203012466430664,0.5430752038955688,0.9106934070587158,0.16090886294841766,0.7701461315155029
2144disease7,0.36824336647987366,0.3440936803817749,0.24533270299434662,0.15888722240924835,0.5776157379150391,0.16441479325294495,0.280010849237442,0.1622416228055954,1.026329517364502,0.10648855566978455,0.48417651653289795,0.7209304571151733,0.16307105123996735,0.2108498215675354,0.25575000047683716,0.18898321688175201,0.37173566222190857,0.4126889109611511,0.08144055306911469,0.3248257637023926,0.13759823143482208,0.5724747180938721,0.4349561035633087,0.30184367299079895,0.06923956423997879,0.6313804984092712,0.3160093128681183,0.3545604944229126,0.4863470494747162,0.25316381454467773,0.5777175426483154,0.36324551701545715,0.15558300912380219,0.07696274667978287,0.6306843161582947,0.12301727384328842,0.4614146947860718,0.3175419867038727,0.6625053286552429,0.7128055095672607,0.39873385429382324,0.5579274892807007,0.6976343989372253,0.5865030288696289,0.33620578050613403,0.5162238478660583,0.9506731033325195,0.6886810064315796,0.2966432571411133,0.5010567307472229,1.003096342086792,0.6141670942306519,0.3498023748397827,0.3917301297187805,0.17213113605976105,0.4384825825691223,0.165872722864151,0.2727782130241394,0.45316824316978455,0.6154329180717468,0.5249873995780945,0.9050439596176147,0.18773123621940613,0.77019864320755
2076late5,0.38397687673568726,0.3372120261192322,0.24774546921253204,0.14898903667926788,0.5831719040870667,0.15751463174819946,0.2229704111814499,0.16142277419567108,1.0279079675674438,0.09803932905197144,0.4830079674720764,0.7248803973197937,0.1658037155866623,0.21718420088291168,0.25180891156196594,0.18191081285476685,0.3509628176689148,0.4217020869255066,0.09900585561990738,0.3344205617904663,0.13422569632530212,0.5729414820671082,0.4389632046222687,0.30259570479393005,0.06823959946632385,0.6306068897247314,0.3135501444339752,0.37434861063957214,0.5040345191955566,0.23726846277713776,0.5782392621040344,0.35601410269737244,0.157562717795372,0.08987391740083694,0.630637526512146,0.11580438911914825,0.461870938539505,0.3291395604610443,0.665288507938385,0.7214049696922302,0.4133707880973816,0.5743398070335388,0.7069223523139954,0.580500066280365,0.33632445335388184,0.5032237768173218,0.9512873291969299,0.7086312174797058,0.28049561381340027,0.5020570755004883,1.002122402191162,0.6199807524681091,0.35894760489463806,0.4109923243522644,0.1857048124074936,0.45239967107772827,0.1524832546710968,0.27282705903053284,0.4558990001678467,0.6164596676826477,0.5262007713317871,0.9061471819877625,0.1623760312795639,0.770027756690979
2044ready5,0.3760032653808594,0.29837608337402344,0.2361418902873993,0.10629492253065109,0.5902820825576782,0.0879766196012497,0.20208051800727844,0.13305138051509857,1.0136823654174805,0.10330769419670105,0.4646700620651245,0.6865738034248352,0.1471412181854248,0.19371159374713898,0.20428767800331116,0.14836615324020386,0.38449081778526306,0.38590875267982483,0.08793572336435318,0.3231847286224365,0.09094629436731339,0.5589361786842346,0.38975054025650024,0.3223128616809845,0.04411683231592178,0.6153542399406433,0.2821805775165558,0.3398549556732178,0.449290931224823,0.18880413472652435,0.5402178764343262,0.3462884724140167,0.11643145978450775,0.057900797575712204,0.6104821562767029,0.09481341391801834,0.4475298225879669,0.2931591272354126,0.6615744829177856,0.673793375492096,0.36103007197380066,0.5389614701271057,0.6981928944587708,0.5567241907119751,0.3219408690929413,0.5244655013084412,0.9484928846359253,0.6745877861976624,0.24501800537109375,0.46345219016075134,0.9737114906311035,0.6056985259056091,0.23891222476959229,0.38742777705192566,0.1433638483285904,0.4317728877067566,0.09594882279634476,0.24110457301139832,0.4354146420955658,0.5853142142295837,0.5427926778793335,0.9037964344024658,0.14211352169513702,0.7456435561180115
2039ready13,0.37877950072288513,0.3135091960430145,0.2458798587322235,0.11612270027399063,0.5905337333679199,0.09557801485061646,0.21999460458755493,0.1430436074733734,1.0050846338272095,0.1120595932006836,0.4698047339916229,0.6971784830093384,0.15714068710803986,0.2061414271593094,0.2246621996164322,0.16638168692588806,0.37476879358291626,0.4022841453552246,0.09754808247089386,0.3307238221168518,0.10606783628463745,0.566047728061676,0.4095499515533447,0.31901273131370544,0.04827311262488365,0.6215265393257141,0.30413585901260376,0.34575870633125305,0.46089619398117065,0.21577239036560059,0.554751455783844,0.35625264048576355,0.12656070291996002,0.07219593971967697,0.6193482279777527,0.10115077346563339,0.44794249534606934,0.30447760224342346,0.6679120659828186,0.6835968494415283,0.3808390200138092,0.5594419836997986,0.7043760418891907,0.5695968866348267,0.3290867209434509,0.5087774395942688,0.949650764465332,0.6882370114326477,0.26938962936401367,0.4876950681209564,0.9841809868812561,0.6215806603431702,0.2570480704307556,0.3992781639099121,0.1567145437002182,0.4375752806663513,0.11540763080120087,0.2558940649032593,0.4498828947544098,0.5849615335464478,0.5373038649559021,0.907738208770752,0.14996589720249176,0.7512150406837463
2039ready12,0.3822357654571533,0.3289543390274048,0.24635398387908936,0.13061559200286865,0.5877280235290527,0.11998550593852997,0.23190726339817047,0.15112969279289246,1.0176136493682861,0.1144775003194809,0.4738892912864685,0.703069806098938,0.1609804928302765,0.2070484608411789,0.22502130270004272,0.16564176976680756,0.3911796510219574,0.4074890613555908,0.086949922144413,0.32638609409332275,0.1043504998087883,0.5664753317832947,0.41927874088287354,0.31911158561706543,0.058228105306625366,0.6217213273048401,0.3005430996417999,0.343401700258255,0.47165194153785706,0.2274259775876999,0.5603964924812317,0.35206809639930725,0.14365755021572113,0.06302227824926376,0.6165629625320435,0.10785046219825745,0.4534192681312561,0.3028615713119507,0.6638872623443604,0.703052818775177,0.38431429862976074,0.561568021774292,0.6982631087303162,0.5715488791465759,0.3269524872303009,0.5186178088188171,0.9485586285591125,0.6904813051223755,0.2667043209075928,0.4862197935581207,0.9954696297645569,0.6128523945808411,0.2583385407924652,0.4056066870689392,0.1622823178768158,0.4370582699775696,0.12670426070690155,0.2570016384124756,0.446499228477478,0.5961290597915649,0.5326740741729736,0.9031442999839783,0.163853257894516,0.7558712959289551
2038ready3,0.3763291537761688,0.31522324681282043,0.24314981698989868,0.1318567395210266,0.5891066193580627,0.11230668425559998,0.23208250105381012,0.14278645813465118,1.004141926765442,0.10199464857578278,0.46655911207199097,0.6922126412391663,0.1609337329864502,0.2088664323091507,0.22222964465618134,0.1715729832649231,0.36136484146118164,0.40482890605926514,0.09852065145969391,0.3325884938240051,0.11620806902647018,0.5683619976043701,0.4350321888923645,0.32192665338516235,0.051428209990262985,0.6222466230392456,0.3118540942668915,0.34547656774520874,0.46206986904144287,0.2184993326663971,0.5511466264724731,0.35523301362991333,0.1370951235294342,0.0865175798535347,0.6174450516700745,0.1082976758480072,0.4461248815059662,0.30894309282302856,0.6701529622077942,0.6896769404411316,0.3743121027946472,0.5615848898887634,0.7035122513771057,0.5621607303619385,0.33145594596862793,0.5069141387939453,0.9545013904571533,0.6902168989181519,0.2780250906944275,0.4717341959476471,0.9825760722160339,0.6215294599533081,0.24842289090156555,0.3993237614631653,0.15809576213359833,0.4457901418209076,0.12439562380313873,0.25649136304855347,0.4463634490966797,0.6073905229568481,0.5401282906532288,0.909211277961731,0.1563829779624939,0.7536415457725525
2063ready6,0.3850071430206299,0.3106382191181183,0.24726125597953796,0.12152901291847229,0.5925461649894714,0.10342118889093399,0.21575698256492615,0.14629170298576355,1.0195051431655884,0.10421068966388702,0.4741855263710022,0.7083582282066345,0.1576358824968338,0.20714128017425537,0.22108446061611176,0.16636118292808533,0.3945785462856293,0.40217795968055725,0.09491560608148575,0.3284475803375244,0.09947288036346436,0.5685001015663147,0.4140399098396301,0.32454627752304077,0.054140541702508926,0.6217795610427856,0.2914291322231293,0.3502644896507263,0.46153661608695984,0.21510064601898193,0.5589606761932373,0.35033947229385376,0.1334339678287506,0.07012630999088287,0.6259973645210266,0.10379380732774734,0.4487007260322571,0.3058120012283325,0.6646339893341064,0.6925934553146362,0.38714292645454407,0.5627762079238892,0.7097212076187134,0.5719770193099976,0.33373522758483887,0.5276358127593994,0.9500158429145813,0.7016177177429199,0.26740139722824097,0.48597219586372375,0.9882350564002991,0.6201119422912598,0.2501712143421173,0.41014543175697327,0.15039601922035217,0.4450017511844635,0.1194005012512207,0.2524823248386383,0.4419964849948883,0.5904338955879211,0.5436748266220093,0.9064335227012634,0.15159286558628082,0.7534934282302856
2144disease1,0.3681729733943939,0.30940955877304077,0.24833711981773376,0.12755070626735687,0.58223956823349,0.13540351390838623,0.21869994699954987,0.13604454696178436,1.0110186338424683,0.06908046454191208,0.4682459533214569,0.7012573480606079,0.15825486183166504,0.2058747410774231,0.22976148128509521,0.15541328489780426,0.34195202589035034,0.39590340852737427,0.09644478559494019,0.32361432909965515,0.11583209782838821,0.5700437426567078,0.41400429606437683,0.31242045760154724,0.041959598660469055,0.6259212493896484,0.2989514470100403,0.37050747871398926,0.4884189963340759,0.2053396999835968,0.5569908618927002,0.36718881130218506,0.13242857158184052,0.0840192511677742,0.6183200478553772,0.10768798738718033,0.4533717632293701,0.31716597080230713,0.6661418080329895,0.6901136636734009,0.3679262697696686,0.5586600303649902,0.6862726211547852,0.571996808052063,0.3279019296169281,0.4921475350856781,0.9566038250923157,0.6690864562988281,0.27079424262046814,0.4857463836669922,0.9868149757385254,0.6038011312484741,0.3354205787181854,0.37887829542160034,0.15871663391590118,0.4290373921394348,0.12999065220355988,0.2612800896167755,0.4402608275413513,0.59662264585495,0.5188758373260498,0.9051387310028076,0.1481933444738388,0.7620784044265747
2144disease3,0.3696712553501129,0.316986620426178,0.25382640957832336,0.1444411426782608,0.5835105180740356,0.135457381606102,0.23668570816516876,0.1477055549621582,1.010762095451355,0.09345372021198273,0.4748763144016266,0.7117375135421753,0.16805171966552734,0.21427832543849945,0.24782715737819672,0.16843929886817932,0.37172025442123413,0.41321197152137756,0.09149615466594696,0.3217014968395233,0.1257425844669342,0.5701596140861511,0.4345839321613312,0.30917051434516907,0.05538959056138992,0.625077486038208,0.3059135675430298,0.35585901141166687,0.47780123353004456,0.23253133893013,0.5648147463798523,0.35866662859916687,0.1429484635591507,0.07636262476444244,0.6372829079627991,0.11226370930671692,0.45785340666770935,0.31200098991394043,0.6710747480392456,0.6934030652046204,0.3826674520969391,0.5626028180122375,0.7014553546905518,0.5864071249961853,0.33944472670555115,0.5176693797111511,0.9533915519714355,0.6895687580108643,0.27758103609085083,0.48879697918891907,0.9888400435447693,0.6110943555831909,0.3258366584777832,0.3994012475013733,0.1707947999238968,0.4382576048374176,0.1467452347278595,0.27375152707099915,0.4653205871582031,0.6068457961082458,0.52269446849823,0.9068743586540222,0.16285440325737,0.7645396590232849
2096late9,0.37127283215522766,0.2992928922176361,0.24551799893379211,0.1266079992055893,0.5868050456047058,0.09865665435791016,0.20829448103904724,0.13684958219528198,1.0098155736923218,0.08181621879339218,0.4670383036136627,0.7041449546813965,0.1631707400083542,0.21218609809875488,0.2213841825723648,0.1621805876493454,0.3531769812107086,0.41025274991989136,0.11424852907657623,0.3254494071006775,0.10942453145980835,0.5635053515434265,0.41880688071250916,0.3191467523574829,0.03857596963644028,0.6233072280883789,0.2908540964126587,0.37006890773773193,0.4726104736328125,0.20263811945915222,0.552807629108429,0.36470067501068115,0.1295510083436966,0.09238938242197037,0.6329420208930969,0.10808660835027695,0.44536319375038147,0.31390663981437683,0.6713965535163879,0.6839898824691772,0.38081520795822144,0.5626571178436279,0.7145785689353943,0.5673810243606567,0.3366889953613281,0.5049691200256348,0.9615877270698547,0.6962189674377441,0.2589973211288452,0.4799502491950989,0.9855871200561523,0.6178786754608154,0.32395875453948975,0.39558693766593933,0.1641317456960678,0.443847119808197,0.11723774671554565,0.25985074043273926,0.4509395956993103,0.5965240001678467,0.5255494117736816,0.9099210500717163,0.13734106719493866,0.7594736218452454
2093late11,0.3809252679347992,0.3299889862537384,0.2449435144662857,0.1394895762205124,0.586115837097168,0.13843871653079987,0.2457747608423233,0.15730507671833038,1.0258128643035889,0.093673937022686,0.4788607358932495,0.7083523273468018,0.1663544923067093,0.20673008263111115,0.2420634627342224,0.18273349106311798,0.3531070649623871,0.4172271490097046,0.0965394601225853,0.33678069710731506,0.1284635215997696,0.5706157088279724,0.42716196179389954,0.3050076961517334,0.06329025328159332,0.6309934854507446,0.30945220589637756,0.37860071659088135,0.5038133859634399,0.232084721326828,0.5805595517158508,0.3622458577156067,0.15774904191493988,0.08487192541360855,0.6358208060264587,0.1142829954624176,0.4539843201637268,0.32518574595451355,0.660980224609375,0.7140756845474243,0.3985607624053955,0.5709190964698792,0.7011006474494934,0.5725311636924744,0.33311381936073303,0.5052343606948853,0.957591712474823,0.704551100730896,0.2874061167240143,0.5047813057899475,0.9979979991912842,0.6210474967956543,0.35426607728004456,0.41212213039398193,0.17226314544677734,0.4567405581474304,0.14159347116947174,0.27642759680747986,0.45875126123428345,0.6204248666763306,0.5348800420761108,0.9075305461883545,0.16135954856872559,0.7682308554649353
2144disease2,0.36527377367019653,0.31499382853507996,0.2517239451408386,0.1442188322544098,0.5776500701904297,0.1446153074502945,0.2559957206249237,0.1498883068561554,1.0152134895324707,0.10644601285457611,0.4652773439884186,0.7014493942260742,0.17300909757614136,0.21738706529140472,0.24493415653705597,0.16898201406002045,0.3650834858417511,0.4115750193595886,0.08425179123878479,0.31586697697639465,0.13708458840847015,0.5653578639030457,0.42803090810775757,0.30069398880004883,0.0572783425450325,0.627924382686615,0.3045663833618164,0.36610913276672363,0.4922884404659271,0.23670412600040436,0.5637887120246887,0.3518199026584625,0.15014870464801788,0.07370292395353317,0.6242306232452393,0.12313728779554367,0.4631623923778534,0.31505656242370605,0.6638216376304626,0.6962119936943054,0.3912663459777832,0.5525417327880859,0.6797274351119995,0.5727075338363647,0.32599392533302307,0.5264967083930969,0.9553824663162231,0.6654357314109802,0.28368058800697327,0.4788919687271118,0.983799397945404,0.5996100306510925,0.3285486698150635,0.38014286756515503,0.17586423456668854,0.4228192865848541,0.15569281578063965,0.2722504138946533,0.4533597230911255,0.5998873114585876,0.5127708315849304,0.9023241400718689,0.17500457167625427,0.7553992867469788
2084late5,0.3843190670013428,0.3169493079185486,0.2503458857536316,0.1350797861814499,0.5876188278198242,0.1319638192653656,0.27025800943374634,0.14724458754062653,1.0171254873275757,0.09105206280946732,0.4748317301273346,0.7063621878623962,0.1661221832036972,0.21275468170642853,0.23490989208221436,0.17713192105293274,0.35381901264190674,0.41021281480789185,0.10490147769451141,0.3364052176475525,0.11525429785251617,0.5674501061439514,0.42658287286758423,0.3246849775314331,0.06031273305416107,0.6275098323822021,0.3052038550376892,0.36191126704216003,0.4798963963985443,0.2216908037662506,0.564670741558075,0.37124940752983093,0.149916410446167,0.09822575747966766,0.6260703206062317,0.11945885419845581,0.4490725100040436,0.3190951943397522,0.6631512641906738,0.7095240950584412,0.39477041363716125,0.5678290724754333,0.7102823257446289,0.5725653767585754,0.3351520597934723,0.5047199726104736,0.9519754648208618,0.7016818523406982,0.27409717440605164,0.4941566288471222,0.9938055276870728,0.6230441331863403,0.33260971307754517,0.40542322397232056,0.17178502678871155,0.4521869421005249,0.13593505322933197,0.26795122027397156,0.44588586688041687,0.5974831581115723,0.5325253009796143,0.908068835735321,0.16110841929912567,0.7573076486587524
2147disease11,0.3653293251991272,0.3100242614746094,0.24842368066310883,0.13296322524547577,0.5842984914779663,0.12647154927253723,0.2311583310365677,0.1379593163728714,1.0149072408676147,0.09068229049444199,0.4630829691886902,0.693449854850769,0.16117951273918152,0.2113988995552063,0.23591481149196625,0.16550293564796448,0.3701053261756897,0.40473419427871704,0.09598547965288162,0.31934377551078796,0.12672655284404755,0.5658226013183594,0.4198295772075653,0.3041651248931885,0.04654158279299736,0.6224904656410217,0.29935890436172485,0.35457801818847656,0.4809073209762573,0.22027011215686798,0.552483081817627,0.3563169240951538,0.14107206463813782,0.0812716856598854,0.6177036166191101,0.11232601851224899,0.44919225573539734,0.3066887855529785,0.6666578054428101,0.6791852116584778,0.3736013174057007,0.5435404181480408,0.680291473865509,0.5680309534072876,0.3282100558280945,0.5188314318656921,0.9543229937553406,0.6648983955383301,0.2672503590583801,0.47190871834754944,0.9777597188949585,0.6008865833282471,0.27603763341903687,0.37985724210739136,0.1590241938829422,0.4242037534713745,0.13564857840538025,0.261729896068573,0.4465869963169098,0.5868252515792847,0.518908679485321,0.903028130531311,0.16131973266601562,0.7493630051612854
2147disease2,0.37339887022972107,0.3256787657737732,0.2506718933582306,0.14064347743988037,0.5813611149787903,0.14192621409893036,0.17720457911491394,0.1558832973241806,1.0168883800506592,0.1127379834651947,0.4763602018356323,0.7184177041053772,0.16797833144664764,0.21830309927463531,0.2421349138021469,0.18081282079219818,0.34235650300979614,0.4146493673324585,0.1084010973572731,0.3323979675769806,0.12780031561851501,0.5718672275543213,0.4307277202606201,0.306385338306427,0.04721471667289734,0.6281397938728333,0.3053008019924164,0.38869765400886536,0.5059313774108887,0.22224541008472443,0.5684694051742554,0.36798959970474243,0.14817214012145996,0.12508054077625275,0.6381402015686035,0.11557861417531967,0.451858788728714,0.33168792724609375,0.6703915596008301,0.7011462450027466,0.3853936791419983,0.5655534267425537,0.7016971111297607,0.585858166217804,0.3429395258426666,0.4915488362312317,0.9687443971633911,0.6997911334037781,0.27737197279930115,0.4969852566719055,0.9914507865905762,0.6193050742149353,0.33970019221305847,0.4050798714160919,0.17708028852939606,0.44624218344688416,0.1418582648038864,0.2745301127433777,0.45963889360427856,0.6098211407661438,0.5272645950317383,0.9108289480209351,0.15640470385551453,0.7745776772499084
2051ready7,0.3712649941444397,0.29952579736709595,0.24223758280277252,0.12165079265832901,0.5874866247177124,0.10361441969871521,0.22416317462921143,0.1346796303987503,1.0197584629058838,0.11302414536476135,0.4689127206802368,0.695539116859436,0.14768445491790771,0.1989046335220337,0.21661241352558136,0.16025257110595703,0.3795810639858246,0.3841618001461029,0.09628064185380936,0.32205408811569214,0.0943417027592659,0.5680748224258423,0.4066731333732605,0.31514662504196167,0.046069346368312836,0.6201603412628174,0.287127822637558,0.3448704183101654,0.4759720265865326,0.20925815403461456,0.5563182830810547,0.34700945019721985,0.13307125866413116,0.06670088320970535,0.6150453686714172,0.10135024785995483,0.4490838050842285,0.30974268913269043,0.6641461253166199,0.6861633658409119,0.3558906316757202,0.5601551532745361,0.6950089335441589,0.5584163069725037,0.32228586077690125,0.5122007131576538,0.9521494507789612,0.6720245480537415,0.26144322752952576,0.46767136454582214,0.9800443053245544,0.6073973774909973,0.2620141804218292,0.38784754276275635,0.14412999153137207,0.427604079246521,0.12176799774169922,0.24477259814739227,0.42994576692581177,0.5798701643943787,0.5269529819488525,0.9019455313682556,0.1584615260362625,0.7499940991401672
2029ready20,0.37830546498298645,0.3029140830039978,0.23998913168907166,0.1146387830376625,0.5928183197975159,0.10731717199087143,0.21275299787521362,0.14929287135601044,1.009946584701538,0.10179565101861954,0.47031477093696594,0.7027539610862732,0.14849267899990082,0.19538524746894836,0.21913021802902222,0.1540989875793457,0.38669824600219727,0.40486159920692444,0.08961347490549088,0.3312149941921234,0.09401260316371918,0.5635865330696106,0.40433111786842346,0.32620903849601746,0.05302925035357475,0.6202572584152222,0.2932794988155365,0.3446499705314636,0.4577033817768097,0.21144594252109528,0.5512540340423584,0.35201674699783325,0.11687606573104858,0.06820297986268997,0.6292003393173218,0.09935155510902405,0.450600802898407,0.3015585243701935,0.6668800115585327,0.6868192553520203,0.3660346567630768,0.5612696409225464,0.7106388807296753,0.5619239807128906,0.32998859882354736,0.4994739294052124,0.9545720815658569,0.6926701664924622,0.263054758310318,0.478624552488327,0.9830247759819031,0.622496485710144,0.2356397807598114,0.393329918384552,0.15622664988040924,0.4394107460975647,0.11439774185419083,0.24995720386505127,0.44819435477256775,0.5829064846038818,0.5521993637084961,0.9064603447914124,0.15014207363128662,0.7486936450004578
2147disease10,0.3732894957065582,0.3225513696670532,0.249093160033226,0.14926791191101074,0.5779485702514648,0.1473160684108734,0.281198650598526,0.15770696103572845,1.028294324874878,0.11107224971055984,0.47323688864707947,0.7049660086631775,0.17363686859607697,0.21014392375946045,0.25651925802230835,0.19076132774353027,0.3486793041229248,0.40317076444625854,0.08253239840269089,0.3264661729335785,0.1378863900899887,0.5701259970664978,0.4306948184967041,0.3052079975605011,0.06360388547182083,0.6296875476837158,0.31251734495162964,0.34929224848747253,0.501822292804718,0.2514617443084717,0.5794256329536438,0.36791902780532837,0.1594664752483368,0.09698107838630676,0.6207014918327332,0.12412696331739426,0.4545569121837616,0.32280972599983215,0.6604304909706116,0.705485463142395,0.4006240665912628,0.5655004978179932,0.6868736743927002,0.5774818062782288,0.32630303502082825,0.499408483505249,0.9555206894874573,0.6878086924552917,0.3012267053127289,0.5000137686729431,1.0001647472381592,0.6118645071983337,0.2940905690193176,0.3906712830066681,0.18079349398612976,0.448949933052063,0.15290702879428864,0.2745091915130615,0.4615429937839508,0.6156183481216431,0.5278688669204712,0.9044864177703857,0.18165060877799988,0.7693626880645752
2147disease12,0.36533015966415405,0.32682034373283386,0.2424907237291336,0.14152079820632935,0.5817634463310242,0.1340027004480362,0.2542130649089813,0.16036275029182434,1.0203547477722168,0.10434825718402863,0.470502644777298,0.701088547706604,0.16914652287960052,0.20280005037784576,0.23897802829742432,0.18536075949668884,0.3571852147579193,0.40447041392326355,0.09853710234165192,0.3239644765853882,0.12725932896137238,0.565653383731842,0.42865806818008423,0.301440954208374,0.06287726014852524,0.6243873238563538,0.3079606592655182,0.3437810242176056,0.49878260493278503,0.2379881739616394,0.5611441731452942,0.3529379367828369,0.1455511748790741,0.076701819896698,0.6203998923301697,0.11701590567827225,0.45834970474243164,0.31082379817962646,0.6648502945899963,0.6961540579795837,0.37706416845321655,0.5571278929710388,0.6892471313476562,0.5679103136062622,0.31745457649230957,0.5029428005218506,0.9466755390167236,0.6709355711936951,0.2764660716056824,0.48342442512512207,0.9938859939575195,0.6080978512763977,0.26837268471717834,0.38017404079437256,0.16515079140663147,0.4276816248893738,0.1474270075559616,0.2610059082508087,0.43871018290519714,0.6011906266212463,0.5178183913230896,0.9021793007850647,0.17050087451934814,0.7577092051506042
2089late6,0.39082154631614685,0.3309003412723541,0.2452494204044342,0.13708670437335968,0.587226152420044,0.13664384186267853,0.19491247832775116,0.15262417495250702,1.03020179271698,0.08354254812002182,0.4811819791793823,0.7172921895980835,0.16704094409942627,0.2079748958349228,0.23713955283164978,0.17875021696090698,0.3446296453475952,0.40906375646591187,0.0985245332121849,0.3377467095851898,0.11923114955425262,0.5738759636878967,0.42280450463294983,0.3108004331588745,0.06069429591298103,0.6315332055091858,0.3094935715198517,0.3770292103290558,0.5011077523231506,0.22504952549934387,0.5804265737533569,0.3652103841304779,0.14607703685760498,0.0944879800081253,0.6332092881202698,0.11260045319795609,0.4511568248271942,0.31985390186309814,0.6690488457679749,0.7109675407409668,0.39838844537734985,0.5745962262153625,0.7142720818519592,0.578818142414093,0.33488479256629944,0.5076781511306763,0.9543312191963196,0.7106467485427856,0.27512848377227783,0.5007167458534241,1.0035192966461182,0.6216282248497009,0.3433573842048645,0.4118330180644989,0.172842338681221,0.4554060995578766,0.13514772057533264,0.271634578704834,0.441394180059433,0.6117960214614868,0.5405845046043396,0.9070723652839661,0.1522751748561859,0.7704636454582214
2075late8,0.38761186599731445,0.3360125422477722,0.24480712413787842,0.13945205509662628,0.5824528336524963,0.1525513231754303,0.21019800007343292,0.16141363978385925,1.0291708707809448,0.09063999354839325,0.4822883903980255,0.7188534140586853,0.16667455434799194,0.21104483306407928,0.24561908841133118,0.18674495816230774,0.3501209318637848,0.40968140959739685,0.09196094423532486,0.3415307104587555,0.13673052191734314,0.5687837600708008,0.42881569266319275,0.30341005325317383,0.06989168375730515,0.6316457390785217,0.31629228591918945,0.385181725025177,0.514800488948822,0.23858246207237244,0.5787655115127563,0.3663198947906494,0.1580791175365448,0.09744331985712051,0.6256405115127563,0.11634433269500732,0.4573964774608612,0.3327506184577942,0.6596657037734985,0.7220364809036255,0.39560168981552124,0.5672024488449097,0.7072781920433044,0.5820487141609192,0.3332769572734833,0.49206894636154175,0.9544118642807007,0.7019525766372681,0.27561867237091064,0.49757155776023865,0.9980095624923706,0.6233380436897278,0.354873925447464,0.4070441722869873,0.17954489588737488,0.4479173421859741,0.15228727459907532,0.27263766527175903,0.4428744912147522,0.6145598888397217,0.5269801616668701,0.9063977599143982,0.15923835337162018,0.7701853513717651
2145disease9,0.3751567602157593,0.3500458598136902,0.25240591168403625,0.15862931311130524,0.5778841972351074,0.16758617758750916,0.2977291941642761,0.16441620886325836,1.0272037982940674,0.10555559396743774,0.48323896527290344,0.7286966443061829,0.17165660858154297,0.2131197154521942,0.2597622871398926,0.19008152186870575,0.34850192070007324,0.4186587333679199,0.0932035818696022,0.33530452847480774,0.15093840658664703,0.5700950622558594,0.43980851769447327,0.3045749366283417,0.07092321664094925,0.6347105503082275,0.3301857113838196,0.3559732139110565,0.5149132609367371,0.2576335370540619,0.5830917954444885,0.38087984919548035,0.16520445048809052,0.10129104554653168,0.6234192848205566,0.12806124985218048,0.465369313955307,0.32453426718711853,0.6638284921646118,0.714943528175354,0.40153592824935913,0.5761442184448242,0.6980791091918945,0.5864304304122925,0.3354223668575287,0.4989233613014221,0.9500536322593689,0.6892908811569214,0.30524447560310364,0.5111233592033386,1.009376883506775,0.6228848099708557,0.36191532015800476,0.3963526785373688,0.1824672520160675,0.439865380525589,0.16327239573001862,0.28560954332351685,0.45974841713905334,0.6194944381713867,0.5273188352584839,0.9076411128044128,0.18100541830062866,0.776520311832428
2147disease13,0.3725864589214325,0.3422752320766449,0.24668382108211517,0.14738619327545166,0.5797519087791443,0.16103415191173553,0.24814371764659882,0.15760792791843414,1.0247704982757568,0.09546976536512375,0.4811094105243683,0.7209609150886536,0.15973258018493652,0.2077866941690445,0.2465859204530716,0.1784152239561081,0.3477656841278076,0.4176095128059387,0.09565229713916779,0.3350442349910736,0.1386965662240982,0.5695213675498962,0.4352476894855499,0.30687835812568665,0.06008259207010269,0.6324036121368408,0.3159565329551697,0.3791354298591614,0.5170857310295105,0.2348717600107193,0.570468008518219,0.37335658073425293,0.1664246767759323,0.08407281339168549,0.6313623785972595,0.11679477244615555,0.4649384617805481,0.32810530066490173,0.6615946292877197,0.7144267559051514,0.38899901509284973,0.5734270215034485,0.6966729164123535,0.5790696144104004,0.33127647638320923,0.5054335594177246,0.9515334963798523,0.6887038946151733,0.28687360882759094,0.50550776720047,0.9986059069633484,0.6164232492446899,0.36412522196769714,0.3898957371711731,0.1816912293434143,0.43668121099472046,0.1524796038866043,0.2744484841823578,0.44895702600479126,0.6092259287834167,0.521165132522583,0.905183732509613,0.16889885067939758,0.7780188918113708
2077late15,0.3803369104862213,0.3336122930049896,0.24554754793643951,0.1313537061214447,0.5847088694572449,0.13841207325458527,0.18099087476730347,0.16015055775642395,1.025864839553833,0.0890703946352005,0.48314592242240906,0.7202656865119934,0.15885716676712036,0.20445965230464935,0.23160144686698914,0.17030103504657745,0.34034568071365356,0.4104554355144501,0.11057889461517334,0.33149346709251404,0.11446619778871536,0.5702225565910339,0.42669904232025146,0.3047587275505066,0.06332075595855713,0.6301676034927368,0.31733307242393494,0.3856697082519531,0.501815140247345,0.23127557337284088,0.5815865397453308,0.36270684003829956,0.1479095220565796,0.09851586818695068,0.6311546564102173,0.11035369336605072,0.45525431632995605,0.32198071479797363,0.661558210849762,0.7095795273780823,0.3985885679721832,0.5641495585441589,0.7074092030525208,0.5832123756408691,0.33578553795814514,0.4957750737667084,0.960314929485321,0.7059265971183777,0.28784358501434326,0.4980572760105133,0.997931957244873,0.622287392616272,0.33818280696868896,0.406365305185318,0.16483457386493683,0.4497720003128052,0.14161448180675507,0.2740151882171631,0.4405573308467865,0.6112557649612427,0.530368983745575,0.9067547917366028,0.15596702694892883,0.7773236036300659
2147disease4,0.3601868152618408,0.3340502083301544,0.2504230737686157,0.15053999423980713,0.5792201161384583,0.16164790093898773,0.25387251377105713,0.1637328416109085,1.0173285007476807,0.10857032239437103,0.4710162878036499,0.7093985676765442,0.16708888113498688,0.20551267266273499,0.2432359755039215,0.1782234162092209,0.3526155650615692,0.4151661992073059,0.09434086084365845,0.32180917263031006,0.14654523134231567,0.5617062449455261,0.42004090547561646,0.30049270391464233,0.059811782091856,0.6283135414123535,0.3047620952129364,0.3680122196674347,0.5054656267166138,0.2367953062057495,0.565053403377533,0.3562670350074768,0.15855196118354797,0.08139127492904663,0.6286518573760986,0.11863723397254944,0.4677547514438629,0.31236281991004944,0.6633287668228149,0.7010021805763245,0.40366730093955994,0.5572906732559204,0.6857270002365112,0.575360894203186,0.3240334093570709,0.5173836946487427,0.948321521282196,0.6740289926528931,0.2801032066345215,0.48775652050971985,0.9912791848182678,0.6031344532966614,0.3616633415222168,0.38165438175201416,0.187672421336174,0.42401745915412903,0.15637792646884918,0.2721705436706543,0.4489234685897827,0.6014864444732666,0.5082859992980957,0.90312659740448,0.17339971661567688,0.7565257549285889
2086late13,0.38610392808914185,0.3344946801662445,0.24912992119789124,0.14143763482570648,0.5850549936294556,0.15236574411392212,0.21229560673236847,0.15037760138511658,1.015316367149353,0.09035012125968933,0.47567838430404663,0.7081153988838196,0.16841430962085724,0.2136273831129074,0.24889259040355682,0.1651705503463745,0.3563334345817566,0.4176595211029053,0.0961083471775055,0.34541088342666626,0.1353522390127182,0.5672599077224731,0.42542538046836853,0.3102922737598419,0.06552547216415405,0.6333188414573669,0.31815648078918457,0.3773372769355774,0.5058431029319763,0.2264520227909088,0.5722195506095886,0.37438276410102844,0.148962140083313,0.09553845971822739,0.6279784440994263,0.1119118258357048,0.4535413980484009,0.32474303245544434,0.6614173054695129,0.7117070555686951,0.4025343656539917,0.5701370239257812,0.7054489254951477,0.5761914849281311,0.33325058221817017,0.5008955001831055,0.9576219916343689,0.696158766746521,0.2765547037124634,0.49919724464416504,1.000866413116455,0.631753146648407,0.345449298620224,0.41348862648010254,0.1710175722837448,0.45348992943763733,0.1410009115934372,0.279952734708786,0.4523184299468994,0.6227520704269409,0.5301764011383057,0.9105383157730103,0.15951740741729736,0.763266921043396
2095late7,0.3943805992603302,0.3257935643196106,0.2498786449432373,0.13326916098594666,0.589009702205658,0.13206663727760315,0.2714262306690216,0.160496786236763,1.0285688638687134,0.09121984988451004,0.4846448600292206,0.7188235521316528,0.16657772660255432,0.20996691286563873,0.24544945359230042,0.19341149926185608,0.34284570813179016,0.4149228036403656,0.09369927644729614,0.3390567898750305,0.12279542535543442,0.5710757374763489,0.4196954071521759,0.3056566119194031,0.0715116634964943,0.6338560581207275,0.3157420754432678,0.3756190240383148,0.4864256978034973,0.24386709928512573,0.5921196937561035,0.3604225516319275,0.14871150255203247,0.09011412411928177,0.6315131187438965,0.11172071099281311,0.45583683252334595,0.3204118311405182,0.661018431186676,0.7164415121078491,0.41199544072151184,0.573743462562561,0.7075398564338684,0.5761419534683228,0.3387545347213745,0.5060637593269348,0.9528298377990723,0.7149637937545776,0.286562442779541,0.511450469493866,1.0121992826461792,0.6252940893173218,0.3286065459251404,0.41841915249824524,0.17554789781570435,0.45479151606559753,0.14457307755947113,0.27016913890838623,0.4569728374481201,0.6180693507194519,0.5363112688064575,0.9067644476890564,0.1683579832315445,0.7716315388679504
2034ready5,0.3786190152168274,0.3281000554561615,0.24787068367004395,0.13038109242916107,0.5907415151596069,0.11851565539836884,0.23006916046142578,0.1580745130777359,1.0189152956008911,0.10886124521493912,0.4720833897590637,0.6927716135978699,0.16178660094738007,0.2043827474117279,0.23093780875205994,0.17585785686969757,0.3854776918888092,0.40084776282310486,0.0910320058465004,0.32466062903404236,0.10545123368501663,0.56557297706604,0.424366295337677,0.3122332692146301,0.06486717611551285,0.6198799014091492,0.29827919602394104,0.34389203786849976,0.4774560332298279,0.22349700331687927,0.5646482110023499,0.35741785168647766,0.14354440569877625,0.07454227656126022,0.619240939617157,0.10460090637207031,0.4510219693183899,0.3089543282985687,0.6598640084266663,0.6956290602684021,0.39293962717056274,0.5578317642211914,0.69854336977005,0.56370609998703,0.3272583484649658,0.5184726119041443,0.9525384902954102,0.6834752559661865,0.276633620262146,0.4922289550304413,0.996660053730011,0.6176921129226685,0.2535726726055145,0.4042569696903229,0.150667205452919,0.4391426146030426,0.12666259706020355,0.2591347098350525,0.44419997930526733,0.60518878698349,0.5361194014549255,0.9033265113830566,0.1670529544353485,0.7521210312843323
2086late12,0.38247931003570557,0.3193184733390808,0.24208883941173553,0.11686207354068756,0.5908698439598083,0.10455957055091858,0.23232325911521912,0.14610081911087036,1.0209877490997314,0.08602116256952286,0.4726641774177551,0.7039894461631775,0.1564362794160843,0.19856679439544678,0.22050884366035461,0.1598944216966629,0.35211071372032166,0.39469286799430847,0.09088227152824402,0.33279457688331604,0.09898529946804047,0.5660187602043152,0.40641266107559204,0.31700414419174194,0.05682310834527016,0.6232409477233887,0.2952762842178345,0.3561328649520874,0.4820740222930908,0.2138063609600067,0.5638517141342163,0.35789087414741516,0.12555240094661713,0.07183873653411865,0.6231375336647034,0.10384146124124527,0.45166051387786865,0.31317150592803955,0.6661814451217651,0.6961522698402405,0.37417563796043396,0.5600995421409607,0.6992694139480591,0.5676905512809753,0.3259372413158417,0.5093436241149902,0.9517424702644348,0.6884547472000122,0.25876662135124207,0.4816029667854309,0.993194580078125,0.6119803786277771,0.3312772214412689,0.39193835854530334,0.15542839467525482,0.4406585693359375,0.12504585087299347,0.25362539291381836,0.43711039423942566,0.5947380065917969,0.5276109576225281,0.9043456315994263,0.14587444067001343,0.7622665166854858
2147disease5,0.36577558517456055,0.32467347383499146,0.24539268016815186,0.1287935972213745,0.5820272564888,0.13614687323570251,0.25235846638679504,0.15197300910949707,1.0249978303909302,0.09467707574367523,0.47475993633270264,0.7049635052680969,0.1599300652742386,0.1929999589920044,0.23165270686149597,0.17349623143672943,0.34820204973220825,0.3929494321346283,0.09168583899736404,0.32257217168807983,0.11858925223350525,0.5570665001869202,0.4064382016658783,0.29438886046409607,0.055415078997612,0.6243117451667786,0.3025267422199249,0.36491113901138306,0.5130360722541809,0.22969049215316772,0.5681871175765991,0.3566379249095917,0.15217915177345276,0.08194655179977417,0.6208763718605042,0.11382350325584412,0.4654091000556946,0.31973913311958313,0.6670711040496826,0.6953503489494324,0.36271536350250244,0.5526790022850037,0.6882639527320862,0.5688853859901428,0.32501712441444397,0.4973032772541046,0.9519370198249817,0.6734402775764465,0.2804644703865051,0.48718804121017456,0.9970031380653381,0.6003720760345459,0.3488640785217285,0.3737035393714905,0.162960946559906,0.42377156019210815,0.14633111655712128,0.2593481242656708,0.4283428490161896,0.5893633365631104,0.5155174732208252,0.9018875360488892,0.16486720740795135,0.7649046182632446
2091late18,0.3775014281272888,0.34100624918937683,0.2460181713104248,0.13779804110527039,0.583083987236023,0.15216365456581116,0.2179136872291565,0.1570831835269928,1.0246491432189941,0.09141582250595093,0.4774283170700073,0.7186213135719299,0.15904013812541962,0.2062831073999405,0.24417367577552795,0.18138852715492249,0.35113781690597534,0.41305631399154663,0.09730412065982819,0.33337298035621643,0.13000278174877167,0.5702453255653381,0.4264288544654846,0.30126872658729553,0.0713474377989769,0.6290636658668518,0.30944013595581055,0.37944886088371277,0.5154902935028076,0.229583278298378,0.5728352665901184,0.3634013235569,0.15612436830997467,0.08179342746734619,0.6265910267829895,0.11385375261306763,0.46237027645111084,0.32692843675613403,0.6641132831573486,0.7057350277900696,0.38912561535835266,0.5665318369865417,0.6900341510772705,0.5755826830863953,0.329038143157959,0.49696794152259827,0.9520049095153809,0.6930056214332581,0.2778870761394501,0.4906172454357147,1.0042644739151,0.6172746419906616,0.36478593945503235,0.4023906886577606,0.1786709427833557,0.4404441714286804,0.14685311913490295,0.27095159888267517,0.4464963674545288,0.6096048355102539,0.5208404660224915,0.9041552543640137,0.15996870398521423,0.7652059197425842
2147disease14,0.3707726001739502,0.33461877703666687,0.2492271214723587,0.14696761965751648,0.5852256417274475,0.13994720578193665,0.22656944394111633,0.15458236634731293,1.0248701572418213,0.09741262346506119,0.48293596506118774,0.7175101637840271,0.16775348782539368,0.2115924209356308,0.2505510747432709,0.18175387382507324,0.3510611355304718,0.409799188375473,0.10159932076931,0.3366663455963135,0.127950057387352,0.5750430226325989,0.4311472773551941,0.312730610370636,0.05825001746416092,0.6320986747741699,0.3171166181564331,0.36399397253990173,0.49281466007232666,0.2364896833896637,0.5751187801361084,0.3748258948326111,0.15334473550319672,0.10193618386983871,0.6282359957695007,0.1176133081316948,0.4545231759548187,0.31829601526260376,0.6687548160552979,0.704807698726654,0.3797299563884735,0.5692106485366821,0.7047200202941895,0.5802918076515198,0.34177547693252563,0.500552773475647,0.9617142081260681,0.6984866261482239,0.2945319414138794,0.5008387565612793,0.9978547096252441,0.6150916218757629,0.3132723271846771,0.4049715995788574,0.16130776703357697,0.4560237526893616,0.14598432183265686,0.2808375954627991,0.46069642901420593,0.6144763231277466,0.537535548210144,0.9094997048377991,0.16805678606033325,0.7693560719490051
2147disease7,0.3724365532398224,0.3319392204284668,0.25003039836883545,0.16464480757713318,0.5769201517105103,0.18212561309337616,0.21654142439365387,0.17858652770519257,1.0272397994995117,0.10536602884531021,0.479038268327713,0.7244864702224731,0.1769273579120636,0.22329026460647583,0.2690303921699524,0.19558408856391907,0.34753918647766113,0.42892342805862427,0.09494432061910629,0.3354775607585907,0.15794499218463898,0.57359778881073,0.45172688364982605,0.3075650930404663,0.06324683129787445,0.6335167288780212,0.31918391585350037,0.37346404790878296,0.5130674839019775,0.2492179125547409,0.5804247260093689,0.36398252844810486,0.18783433735370636,0.0987587571144104,0.6359975934028625,0.13088129460811615,0.46350666880607605,0.3263915181159973,0.6633492112159729,0.7188268899917603,0.4173353910446167,0.572226881980896,0.6965757608413696,0.5824956893920898,0.3354763388633728,0.5138755440711975,0.955321192741394,0.6944751143455505,0.30530846118927,0.503898561000824,1.0005061626434326,0.6187185645103455,0.34695976972579956,0.39865124225616455,0.1974005252122879,0.43842485547065735,0.16828180849552155,0.28662943840026855,0.46517491340637207,0.612687885761261,0.5250118970870972,0.9067848920822144,0.18446876108646393,0.7751299142837524
2147disease6,0.3700806498527527,0.33559009432792664,0.24966607987880707,0.14670659601688385,0.5806766748428345,0.14914409816265106,0.2640787959098816,0.16298748552799225,1.0156060457229614,0.10447722673416138,0.4744058847427368,0.7089802622795105,0.17534734308719635,0.2058887630701065,0.2422865480184555,0.1875494420528412,0.35406699776649475,0.4013235569000244,0.087704598903656,0.33209067583084106,0.1327160745859146,0.5640088319778442,0.42089882493019104,0.3079667091369629,0.06658440083265305,0.6289477944374084,0.3178495764732361,0.3613814115524292,0.49734798073768616,0.24625042080879211,0.5737600326538086,0.3788394033908844,0.1497618705034256,0.0912342444062233,0.6223359107971191,0.12105432897806168,0.46546584367752075,0.32245364785194397,0.6655819416046143,0.6994951963424683,0.3704507648944855,0.5565580129623413,0.6913762092590332,0.5803025960922241,0.3319823145866394,0.5098380446434021,0.9552260637283325,0.677539050579071,0.2951186001300812,0.49705755710601807,0.9988438487052917,0.6113690733909607,0.3282712697982788,0.38593509793281555,0.1655314713716507,0.43655622005462646,0.15254805982112885,0.2793545126914978,0.45313185453414917,0.6074309349060059,0.529298722743988,0.9043932557106018,0.17082399129867554,0.7553384900093079
2147disease15,0.36392083764076233,0.3082616627216339,0.2551104724407196,0.13385364413261414,0.5813135504722595,0.1198301687836647,0.25619015097618103,0.14180967211723328,1.0152251720428467,0.12104476243257523,0.4686988890171051,0.7022606730461121,0.1715262085199356,0.21497905254364014,0.258649617433548,0.1778053194284439,0.39097458124160767,0.4020881652832031,0.08718240261077881,0.3218294382095337,0.1242242231965065,0.5674989819526672,0.4233303368091583,0.3072778582572937,0.05464066192507744,0.6277203559875488,0.30736809968948364,0.3593744933605194,0.484933078289032,0.2440941333770752,0.5685532093048096,0.3524966239929199,0.15091103315353394,0.07365123927593231,0.6174266338348389,0.11357381194829941,0.4599995017051697,0.31056705117225647,0.6661997437477112,0.691888689994812,0.390286386013031,0.5683072209358215,0.6876905560493469,0.5736315846443176,0.337597519159317,0.5167219042778015,0.9539026618003845,0.6774613261222839,0.29438596963882446,0.4823192358016968,0.9872363209724426,0.6050211191177368,0.27389052510261536,0.384732186794281,0.18143242597579956,0.4304114282131195,0.1522083431482315,0.2656900882720947,0.47629812359809875,0.5843269228935242,0.5216116905212402,0.9044105410575867,0.1727401167154312,0.7552535533905029
2059ready18,0.3797057271003723,0.3141656517982483,0.25267526507377625,0.1312263011932373,0.5876578092575073,0.11271218955516815,0.2374710887670517,0.1551821380853653,1.0097434520721436,0.11204256117343903,0.4686984121799469,0.6960179209709167,0.16098113358020782,0.21160471439361572,0.23620209097862244,0.18116703629493713,0.368305504322052,0.40699687600135803,0.10437740385532379,0.3329601287841797,0.11745183169841766,0.5707625150680542,0.4359672963619232,0.31659236550331116,0.06360666453838348,0.6253443956375122,0.3083067238330841,0.3457471430301666,0.4727129340171814,0.22733791172504425,0.5496014952659607,0.3579288721084595,0.13786275684833527,0.08254776895046234,0.6236001253128052,0.11074507236480713,0.45123153924942017,0.307557612657547,0.6643597483634949,0.6957698464393616,0.3854900300502777,0.5555446147918701,0.6990771889686584,0.5680115818977356,0.33187335729599,0.5146241784095764,0.950565755367279,0.6869268417358398,0.27919650077819824,0.4900580048561096,0.986676037311554,0.6184592247009277,0.2623845636844635,0.40852245688438416,0.15838094055652618,0.437073677778244,0.1327727884054184,0.26310741901397705,0.45369452238082886,0.6022820472717285,0.5406918525695801,0.9069992303848267,0.1649785190820694,0.7513211369514465
2090late2,0.3800356984138489,0.3112502992153168,0.248218834400177,0.13001130521297455,0.5891878008842468,0.11264064162969589,0.18855489790439606,0.15646487474441528,1.0134793519973755,0.08456353098154068,0.47724902629852295,0.7076547741889954,0.16751894354820251,0.21993128955364227,0.23417913913726807,0.1680442988872528,0.3478618264198303,0.40742528438568115,0.11678418517112732,0.3321129083633423,0.11429078876972198,0.5668720006942749,0.4168086051940918,0.3241616189479828,0.04696299135684967,0.6256806254386902,0.2996051609516144,0.37486106157302856,0.47344017028808594,0.209855318069458,0.5665979385375977,0.37052640318870544,0.1400626301765442,0.11973650753498077,0.6260724663734436,0.11057449877262115,0.44584921002388,0.31238338351249695,0.6613383889198303,0.6949805617332458,0.3963865637779236,0.5614054799079895,0.721976637840271,0.5785755515098572,0.34205445647239685,0.5021901726722717,0.9649276733398438,0.709342896938324,0.2643839120864868,0.48724061250686646,0.9893594980239868,0.6264562010765076,0.3225140869617462,0.4087337851524353,0.1664220690727234,0.4560377895832062,0.1287827342748642,0.26143720746040344,0.4553511142730713,0.6100735068321228,0.536829948425293,0.9118726849555969,0.13773983716964722,0.7625356912612915
2043ready9,0.3850873112678528,0.3349471688270569,0.24388298392295837,0.1352616846561432,0.5900130271911621,0.12170635908842087,0.23616436123847961,0.15860022604465485,1.023471713066101,0.11067885160446167,0.4763507544994354,0.704502284526825,0.1601639688014984,0.20715448260307312,0.231343075633049,0.17505083978176117,0.3912947475910187,0.415894478559494,0.093033567070961,0.3332481384277344,0.11170583218336105,0.5712481737136841,0.42923420667648315,0.3140638470649719,0.06614802032709122,0.6253641247749329,0.30964094400405884,0.34965500235557556,0.4747082591056824,0.2339009791612625,0.5684417486190796,0.35520732402801514,0.14533163607120514,0.07459860295057297,0.6204972863197327,0.11022072285413742,0.45365703105926514,0.30818039178848267,0.6658068895339966,0.7033833861351013,0.39275288581848145,0.5605663061141968,0.7123216390609741,0.575888991355896,0.3282162547111511,0.5241072177886963,0.9465225338935852,0.6977519392967224,0.26995959877967834,0.4913817048072815,0.9957855343818665,0.6207310557365417,0.265195369720459,0.4114960730075836,0.1659265011548996,0.44846266508102417,0.13238096237182617,0.2605450749397278,0.44624578952789307,0.6058863401412964,0.5421164035797119,0.9059653282165527,0.16540542244911194,0.7670109272003174
2038ready15,0.37926027178764343,0.31818264722824097,0.25532057881355286,0.139618918299675,0.5886216163635254,0.12823018431663513,0.23169173300266266,0.15138332545757294,1.0092769861221313,0.10435312986373901,0.4697105884552002,0.6987816095352173,0.16530610620975494,0.2056957185268402,0.23020870983600616,0.18053260445594788,0.37284722924232483,0.4058326780796051,0.1030569076538086,0.3283691704273224,0.11209753900766373,0.5668771266937256,0.44275525212287903,0.32198822498321533,0.05567226931452751,0.6220210194587708,0.30757617950439453,0.34655022621154785,0.4709951877593994,0.2294943630695343,0.5625836253166199,0.3608139455318451,0.1462946981191635,0.0847226157784462,0.6363389492034912,0.11055946350097656,0.45100632309913635,0.312696248292923,0.6672399044036865,0.7007652521133423,0.4037216007709503,0.5627914071083069,0.7109047174453735,0.5729617476463318,0.3363691568374634,0.5137538313865662,0.9543182253837585,0.6939512491226196,0.28474491834640503,0.49402838945388794,0.988316535949707,0.6175358891487122,0.28022655844688416,0.4135136008262634,0.17259612679481506,0.4471859037876129,0.1343127191066742,0.2658345103263855,0.4507550895214081,0.5978034138679504,0.5350207686424255,0.9065330028533936,0.16442762315273285,0.7590698003768921
2028ready4,0.385254830121994,0.3128216862678528,0.24012348055839539,0.12390588223934174,0.594611644744873,0.11197981238365173,0.21487268805503845,0.15233658254146576,1.022456407546997,0.09999295324087143,0.4773375391960144,0.7029399275779724,0.151761993765831,0.19974690675735474,0.21952465176582336,0.15535546839237213,0.38872358202934265,0.40668702125549316,0.08938214182853699,0.33576634526252747,0.097898930311203,0.567658007144928,0.42026302218437195,0.32954689860343933,0.06247342750430107,0.6196022033691406,0.2973214387893677,0.3477097749710083,0.4611739218235016,0.21418647468090057,0.5563267469406128,0.3574109673500061,0.12324759364128113,0.07466741651296616,0.6289878487586975,0.10417649149894714,0.45103833079338074,0.30363765358924866,0.6704422235488892,0.6911068558692932,0.3690110445022583,0.5649281144142151,0.7154210209846497,0.5665763020515442,0.3290407955646515,0.5058448314666748,0.9484871625900269,0.6986477375030518,0.2528180181980133,0.47888463735580444,0.9849528074264526,0.6209490895271301,0.23953640460968018,0.4078303277492523,0.15781350433826447,0.44129177927970886,0.11601771414279938,0.25697657465934753,0.44051477313041687,0.6039749979972839,0.5546858906745911,0.9048054814338684,0.14854183793067932,0.7514600157737732
2036ready18,0.38188472390174866,0.3176455497741699,0.24641340970993042,0.13426801562309265,0.5899564623832703,0.11485468596220016,0.23358380794525146,0.14784276485443115,1.013289213180542,0.11093741655349731,0.4684332311153412,0.7003904581069946,0.15990638732910156,0.20708982646465302,0.22388209402561188,0.16936348378658295,0.38811904191970825,0.41292181611061096,0.08473113924264908,0.32473212480545044,0.10473397374153137,0.5665198564529419,0.4308996796607971,0.32445988059043884,0.05825407803058624,0.6220795512199402,0.2988046407699585,0.35025671124458313,0.46865391731262207,0.22377845644950867,0.5552229881286621,0.3531634211540222,0.13793286681175232,0.06500929594039917,0.6278999447822571,0.11095257103443146,0.4501802623271942,0.3016316294670105,0.6683237552642822,0.698647141456604,0.38589200377464294,0.566967785358429,0.7066843509674072,0.5723972916603088,0.3357575535774231,0.531562089920044,0.9486719965934753,0.6933570504188538,0.2641583979129791,0.4839407801628113,0.9874289631843567,0.614997386932373,0.2556985020637512,0.406445175409317,0.1673218458890915,0.4383223056793213,0.13073283433914185,0.2589913308620453,0.44758766889572144,0.6001081466674805,0.5360328555107117,0.9056373238563538,0.16436722874641418,0.7547991275787354
2100late6,0.3774086833000183,0.3206092119216919,0.2502656877040863,0.13565503060817719,0.5862432718276978,0.12257718294858932,0.24010245501995087,0.15130238234996796,1.0230762958526611,0.1003476157784462,0.4758758842945099,0.7030529975891113,0.16795550286769867,0.20529848337173462,0.2322143316268921,0.17645461857318878,0.34942930936813354,0.3993227779865265,0.08849776536226273,0.3296193480491638,0.10899077355861664,0.5639708042144775,0.4181087911128998,0.30874109268188477,0.060866955667734146,0.6240372061729431,0.3041558861732483,0.3516046106815338,0.4887261688709259,0.23101575672626495,0.5633852481842041,0.35776057839393616,0.14187483489513397,0.0747920498251915,0.6264045238494873,0.10901209712028503,0.45401883125305176,0.31251052021980286,0.6659051775932312,0.6981916427612305,0.3860549032688141,0.5610820055007935,0.698112428188324,0.5695307850837708,0.3273760676383972,0.5116255879402161,0.9571042656898499,0.6873736381530762,0.28530994057655334,0.4949839413166046,0.9974294304847717,0.6121649742126465,0.3211073875427246,0.39037421345710754,0.1611415147781372,0.4404451847076416,0.13808399438858032,0.2616044580936432,0.4424193501472473,0.6022846698760986,0.5297160744667053,0.9038301706314087,0.165521040558815,0.7628646492958069
2031ready1,0.38286158442497253,0.31904667615890503,0.24881303310394287,0.12127049267292023,0.5921614766120911,0.10268612951040268,0.2240399271249771,0.15331509709358215,1.0197721719741821,0.10369597375392914,0.47028404474258423,0.690929114818573,0.1533978283405304,0.20627127587795258,0.22825424373149872,0.16454631090164185,0.3897046446800232,0.4028879702091217,0.09195584803819656,0.32904282212257385,0.0997711792588234,0.5638777017593384,0.41022393107414246,0.32970738410949707,0.0567467026412487,0.622904896736145,0.29435691237449646,0.34604278206825256,0.4648156762123108,0.2129122018814087,0.5587958693504333,0.36215946078300476,0.1331029087305069,0.0759391263127327,0.623292863368988,0.10389109700918198,0.4496438801288605,0.3045874536037445,0.6648234724998474,0.6941071152687073,0.3920957148075104,0.5613755583763123,0.710112452507019,0.5713649988174438,0.33104822039604187,0.5173164010047913,0.9540224075317383,0.6939604878425598,0.26541638374328613,0.48805317282676697,0.9897099137306213,0.6210594177246094,0.2546730935573578,0.40455299615859985,0.14938922226428986,0.44493919610977173,0.11816338449716568,0.2593361437320709,0.4439755380153656,0.5986897349357605,0.5525156259536743,0.9055267572402954,0.15512730181217194,0.7515676617622375
2083late16,0.3793659210205078,0.30109167098999023,0.2535354793071747,0.12574832141399384,0.5899199843406677,0.10455495119094849,0.24632248282432556,0.14518247544765472,1.0137377977371216,0.09525509923696518,0.4736257791519165,0.7075231671333313,0.17312820255756378,0.2219172567129135,0.23527438938617706,0.17343150079250336,0.3681994378566742,0.4060848653316498,0.11049598455429077,0.32822152972221375,0.12055402249097824,0.5682671070098877,0.4249689280986786,0.3331175148487091,0.05386025086045265,0.6220390796661377,0.30104658007621765,0.36119771003723145,0.4605540335178375,0.22240778803825378,0.5594987869262695,0.3678915202617645,0.13873092830181122,0.09424734860658646,0.6342502236366272,0.11266904324293137,0.44794031977653503,0.31127431988716125,0.6657277941703796,0.7026676535606384,0.396768718957901,0.5634933114051819,0.7294706106185913,0.5811362266540527,0.34623008966445923,0.5195112824440002,0.9589130878448486,0.7119224667549133,0.2763458490371704,0.4905432462692261,0.9882951974868774,0.6241754293441772,0.308989942073822,0.4060136377811432,0.19103597104549408,0.45821595191955566,0.121836818754673,0.2641018331050873,0.4613471031188965,0.6104583740234375,0.5340284705162048,0.9103065729141235,0.14633841812610626,0.7588032484054565
2098late18,0.3754562735557556,0.3031672239303589,0.24841125309467316,0.11945918947458267,0.5887289047241211,0.09630139172077179,0.22621898353099823,0.13817204535007477,1.0094574689865112,0.10655464231967926,0.46551263332366943,0.6928898692131042,0.16122835874557495,0.2086721658706665,0.22185666859149933,0.1619904339313507,0.37459972500801086,0.39770185947418213,0.09632637351751328,0.3207875192165375,0.1084832102060318,0.5653285980224609,0.41235122084617615,0.3254048824310303,0.052330322563648224,0.6195411086082458,0.29866570234298706,0.3452686369419098,0.4631611108779907,0.212503120303154,0.5524017810821533,0.3546223044395447,0.1317877471446991,0.07258463650941849,0.6231040954589844,0.10581141710281372,0.4458678960800171,0.3020358383655548,0.6687434315681458,0.6928466558456421,0.37564367055892944,0.5589907765388489,0.7029591202735901,0.5669091939926147,0.3334968388080597,0.5264542698860168,0.9558138251304626,0.6843404173851013,0.26794496178627014,0.47840702533721924,0.9790047407150269,0.6147095561027527,0.27527356147766113,0.38959062099456787,0.16710637509822845,0.43659016489982605,0.1157955750823021,0.2508998513221741,0.4498457908630371,0.5912956595420837,0.5362222194671631,0.9053921103477478,0.14495784044265747,0.7515003681182861
2148disease13,0.3714125156402588,0.3342165946960449,0.24808870255947113,0.14697393774986267,0.581008791923523,0.14694111049175262,0.25090494751930237,0.15693487226963043,1.0224213600158691,0.10701096802949905,0.47499266266822815,0.7084081768989563,0.17253276705741882,0.21406109631061554,0.2464660108089447,0.17890384793281555,0.3612383306026459,0.4163333773612976,0.08633150160312653,0.32572588324546814,0.13889886438846588,0.5679377317428589,0.4345349371433258,0.2985467314720154,0.06642865389585495,0.6265180110931396,0.3144538402557373,0.35341572761535645,0.49186083674430847,0.24579860270023346,0.5733849406242371,0.35840824246406555,0.15082170069217682,0.07876832783222198,0.6254490613937378,0.1193000078201294,0.46161726117134094,0.3157045245170593,0.6606607437133789,0.7083155512809753,0.3898986876010895,0.5594251751899719,0.6897686719894409,0.5822089314460754,0.3290743827819824,0.5155127644538879,0.9500308632850647,0.6920417547225952,0.2856105864048004,0.49719706177711487,0.991650402545929,0.6108944416046143,0.32930102944374084,0.39228031039237976,0.17170773446559906,0.44078126549720764,0.14825788140296936,0.27282145619392395,0.45306462049484253,0.615648090839386,0.5261954069137573,0.904719889163971,0.17328667640686035,0.7666347026824951
2148disease12,0.3694987893104553,0.3411451578140259,0.24118688702583313,0.14332441985607147,0.5802314281463623,0.16999131441116333,0.23156781494617462,0.16288183629512787,1.0218358039855957,0.09830077737569809,0.4847244620323181,0.7205729484558105,0.15663711726665497,0.20359590649604797,0.24877552688121796,0.16973643004894257,0.3484891653060913,0.4125152826309204,0.09437552094459534,0.3361136317253113,0.1414729654788971,0.5648565292358398,0.42821958661079407,0.3083048164844513,0.07439900189638138,0.6308390498161316,0.3192403316497803,0.3736509680747986,0.5141654014587402,0.2368360310792923,0.5777581930160522,0.3772786259651184,0.16948923468589783,0.08954484760761261,0.6216781139373779,0.1141434982419014,0.4673520028591156,0.3293857276439667,0.6659289002418518,0.7053734660148621,0.3880297541618347,0.565093994140625,0.6964241862297058,0.5783677101135254,0.3251284062862396,0.4987219274044037,0.9522995352745056,0.6890240907669067,0.27801570296287537,0.49105414748191833,1.0028232336044312,0.6180055737495422,0.35488370060920715,0.38977721333503723,0.17735494673252106,0.4403190612792969,0.15694329142570496,0.26767200231552124,0.44497594237327576,0.628089964389801,0.5236644148826599,0.9055677652359009,0.164770245552063,0.776569664478302
2049ready16,0.37711915373802185,0.2917938232421875,0.2392018437385559,0.11377964913845062,0.5908947587013245,0.09298582375049591,0.2002493143081665,0.13076558709144592,1.010128378868103,0.1032063215970993,0.4680837392807007,0.6899149417877197,0.14865432679653168,0.19957610964775085,0.20481866598129272,0.1463346779346466,0.3800947368144989,0.3934463858604431,0.08882974833250046,0.32049158215522766,0.09146904200315475,0.5569228529930115,0.3938552439212799,0.32591119408607483,0.038846369832754135,0.6129730939865112,0.2815943956375122,0.34081780910491943,0.44440868496894836,0.19185461103916168,0.5424128770828247,0.3479035794734955,0.12079532444477081,0.060273170471191406,0.617557942867279,0.09699379652738571,0.4455482065677643,0.2977455258369446,0.6656031012535095,0.6819314956665039,0.3607325553894043,0.5386731624603271,0.707702100276947,0.5605987906455994,0.3284243047237396,0.5209030508995056,0.9505376815795898,0.6864334344863892,0.243705153465271,0.4640576243400574,0.9743420481681824,0.6035385727882385,0.23828504979610443,0.38936617970466614,0.15132296085357666,0.43463945388793945,0.10153281688690186,0.2446247637271881,0.4378645122051239,0.5776095986366272,0.5386853814125061,0.9058252573013306,0.14205455780029297,0.749156653881073
2148disease11,0.3672422766685486,0.3109889626502991,0.2576492726802826,0.1508970409631729,0.5832961797714233,0.13183742761611938,0.24631305038928986,0.14678855240345,1.011446237564087,0.097453773021698,0.47010278701782227,0.7027678489685059,0.17048586905002594,0.20784637331962585,0.24794882535934448,0.1798136979341507,0.36614134907722473,0.4101578891277313,0.101148821413517,0.3269116282463074,0.12524539232254028,0.5718719959259033,0.4406740367412567,0.3163849115371704,0.04943761229515076,0.623116672039032,0.31100180745124817,0.3524865508079529,0.4750438928604126,0.23728689551353455,0.5597366094589233,0.36610502004623413,0.14924980700016022,0.08683978021144867,0.6281543970108032,0.11113712936639786,0.45665356516838074,0.3194677233695984,0.6730868220329285,0.6921142935752869,0.37967321276664734,0.5546781420707703,0.7027549743652344,0.5774552822113037,0.33891692757606506,0.5200470089912415,0.9630604982376099,0.6851840615272522,0.30432090163230896,0.4939174950122833,0.9820868968963623,0.6049848794937134,0.30852562189102173,0.3982318639755249,0.16962172091007233,0.4408891201019287,0.14736291766166687,0.2721273601055145,0.4625556766986847,0.5968534350395203,0.5255646705627441,0.9068794250488281,0.1686117947101593,0.7557448744773865
2024ready2,0.37216615676879883,0.29864034056663513,0.24281451106071472,0.1263536810874939,0.5893464684486389,0.11021503061056137,0.20676492154598236,0.1377333402633667,1.0103950500488281,0.09682226181030273,0.46502479910850525,0.6938764452934265,0.14747604727745056,0.2003774791955948,0.2173304259777069,0.14919120073318481,0.37898266315460205,0.39944520592689514,0.08355395495891571,0.32206666469573975,0.09508781135082245,0.563631534576416,0.4174520969390869,0.3239039182662964,0.042195066809654236,0.6137278079986572,0.2869628369808197,0.3486669361591339,0.4549734890460968,0.19825933873653412,0.5437547564506531,0.34575963020324707,0.11676299571990967,0.06943818181753159,0.6178343296051025,0.09880691766738892,0.44767987728118896,0.2999098300933838,0.668001115322113,0.6832624077796936,0.3727101683616638,0.5421627759933472,0.6984964609146118,0.5645221471786499,0.32979682087898254,0.49984627962112427,0.9497556686401367,0.6797388792037964,0.24857299029827118,0.4606979489326477,0.9774356484413147,0.6049004197120667,0.23263312876224518,0.392901748418808,0.1496422439813614,0.4329974949359894,0.11107537895441055,0.24897630512714386,0.44324609637260437,0.5939925909042358,0.5388793349266052,0.9057096242904663,0.15543897449970245,0.750031590461731
2071ready8,0.38027894496917725,0.3144516348838806,0.24008284509181976,0.11943991482257843,0.5928705930709839,0.10044550150632858,0.2079327404499054,0.13846176862716675,1.01889169216156,0.09567365050315857,0.4727807343006134,0.6960186958312988,0.15013109147548676,0.19744731485843658,0.20999246835708618,0.14757736027240753,0.3807290494441986,0.38964754343032837,0.09736381471157074,0.3257526755332947,0.08519172668457031,0.5608816146850586,0.40661415457725525,0.327779620885849,0.04296703636646271,0.6189532279968262,0.2881045341491699,0.3436296284198761,0.45838606357574463,0.20179668068885803,0.5522351264953613,0.3519861400127411,0.12555396556854248,0.06968752294778824,0.6223104000091553,0.09853212535381317,0.44559308886528015,0.301247239112854,0.668543815612793,0.6821236610412598,0.364132285118103,0.5538316965103149,0.7070534229278564,0.5587019920349121,0.325141966342926,0.5309967398643494,0.9543119668960571,0.690258800983429,0.2638818323612213,0.47949153184890747,0.9826447367668152,0.6132462024688721,0.24376893043518066,0.39235204458236694,0.15148742496967316,0.4398071765899658,0.10954026132822037,0.24828898906707764,0.43570762872695923,0.584073007106781,0.5443532466888428,0.9055125713348389,0.147358238697052,0.7579267024993896
2073late3,0.38394320011138916,0.3308943212032318,0.24899733066558838,0.1434638500213623,0.5846021771430969,0.14488358795642853,0.18079599738121033,0.16081900894641876,1.0216041803359985,0.11802638322114944,0.48313677310943604,0.7158083319664001,0.1659976840019226,0.21715082228183746,0.2497648149728775,0.1915367841720581,0.34286627173423767,0.4158056080341339,0.0992804765701294,0.34210142493247986,0.13094626367092133,0.5741697549819946,0.4369314908981323,0.305864542722702,0.058957405388355255,0.6301604509353638,0.3191371560096741,0.38421911001205444,0.5050683617591858,0.225465789437294,0.5742858052253723,0.3629167973995209,0.1606799215078354,0.1119656041264534,0.631879985332489,0.11373240500688553,0.45049455761909485,0.33187535405158997,0.6633676886558533,0.7110282778739929,0.4070049524307251,0.5738505125045776,0.7010887265205383,0.5770862698554993,0.33244752883911133,0.4902685880661011,0.9563825130462646,0.7023590207099915,0.2900680899620056,0.5067968368530273,1.0046788454055786,0.6245582699775696,0.33325791358947754,0.41579166054725647,0.1776021122932434,0.45353150367736816,0.1410314440727234,0.2776230573654175,0.45348137617111206,0.6256653666496277,0.5368474125862122,0.9091084003448486,0.16477049887180328,0.7670195698738098
2058ready4,0.37673240900039673,0.3053821623325348,0.24308808147907257,0.13513293862342834,0.5900005102157593,0.1086488738656044,0.21633924543857574,0.14154642820358276,1.0097459554672241,0.1008649617433548,0.4711783528327942,0.6948597431182861,0.15973488986492157,0.20655900239944458,0.2221803069114685,0.1640508621931076,0.38562923669815063,0.40274736285209656,0.09081284701824188,0.3246457874774933,0.10025584697723389,0.5647833943367004,0.42977043986320496,0.32264432311058044,0.04976741597056389,0.6168756484985352,0.29248136281967163,0.3427567780017853,0.457964152097702,0.21045616269111633,0.5472310185432434,0.35001903772354126,0.14528504014015198,0.07362429052591324,0.6185393929481506,0.1080821305513382,0.4500758647918701,0.3045385777950287,0.6682489514350891,0.6858890056610107,0.37172842025756836,0.5472107529640198,0.711401641368866,0.5630390644073486,0.32661694288253784,0.5319553017616272,0.9503564834594727,0.6939927935600281,0.26577746868133545,0.47128766775131226,0.9784995317459106,0.607882022857666,0.2577989995479584,0.4034286439418793,0.1608828455209732,0.4430372714996338,0.11876679211854935,0.2478128969669342,0.445606529712677,0.6014314293861389,0.5373557806015015,0.906052827835083,0.15856848657131195,0.7511081099510193
2100late17,0.37752994894981384,0.32441848516464233,0.24539601802825928,0.11959470063447952,0.5903531312942505,0.10140930116176605,0.23559916019439697,0.1432303786277771,1.0176767110824585,0.0933246836066246,0.473041832447052,0.6984949111938477,0.15895262360572815,0.1962459534406662,0.21875157952308655,0.15605692565441132,0.3657863438129425,0.3995768129825592,0.0909963920712471,0.32840245962142944,0.10292167216539383,0.5663895010948181,0.4042738974094391,0.3241965174674988,0.052318524569272995,0.6208653450012207,0.29659751057624817,0.3497416377067566,0.4668956995010376,0.2163519412279129,0.5669748187065125,0.3648577034473419,0.1327979564666748,0.07693932205438614,0.6246054768562317,0.10230521857738495,0.45276549458503723,0.31236785650253296,0.6655076742172241,0.6883222460746765,0.36272990703582764,0.5643821358680725,0.7000917196273804,0.5671022534370422,0.3272961676120758,0.5309039950370789,0.9567784070968628,0.683376133441925,0.2658192813396454,0.48261308670043945,0.9857363700866699,0.6128416061401367,0.3483886420726776,0.39392992854118347,0.14727111160755157,0.4376866817474365,0.12095450609922409,0.25437864661216736,0.44420552253723145,0.5856049656867981,0.5338776111602783,0.9051774740219116,0.14706876873970032,0.7547980546951294
2033ready9,0.3767823278903961,0.3088756799697876,0.23790042102336884,0.11177653819322586,0.5929892063140869,0.09296008199453354,0.21781910955905914,0.14242719113826752,1.0167676210403442,0.10875098407268524,0.47166794538497925,0.6930411458015442,0.15202851593494415,0.19577699899673462,0.2192685902118683,0.15312641859054565,0.39069074392318726,0.3927555978298187,0.08863639831542969,0.3297710120677948,0.09788847714662552,0.5629077553749084,0.39573338627815247,0.31841525435447693,0.05180187523365021,0.617545485496521,0.2945635914802551,0.3464052677154541,0.4560277462005615,0.2127426713705063,0.5551880598068237,0.35356417298316956,0.12516170740127563,0.06971549242734909,0.6131519675254822,0.10039735585451126,0.4490834176540375,0.3021564781665802,0.6593902111053467,0.6849037408828735,0.3548504710197449,0.5522887706756592,0.7048518061637878,0.5604742169380188,0.32075250148773193,0.5332055687904358,0.9487170577049255,0.6830883622169495,0.262010782957077,0.4778888523578644,0.9880048036575317,0.6146746873855591,0.25620922446250916,0.3905171751976013,0.14624246954917908,0.4356159269809723,0.10930000245571136,0.2478003203868866,0.4425835907459259,0.5854000449180603,0.5433767437934875,0.9037979245185852,0.1450703740119934,0.7496383190155029
2100late15,0.3784201741218567,0.30822116136550903,0.2539139688014984,0.1332351565361023,0.5856910943984985,0.12064812332391739,0.24705395102500916,0.14689268171787262,1.0133693218231201,0.1036371961236,0.4716383218765259,0.6925274729728699,0.16555650532245636,0.21192167699337006,0.22658666968345642,0.17215785384178162,0.36607250571250916,0.40743762254714966,0.0828101709485054,0.3309255838394165,0.10635074973106384,0.568728506565094,0.4149646461009979,0.32385677099227905,0.057142388075590134,0.622042179107666,0.2991783022880554,0.34925246238708496,0.48731622099876404,0.22458259761333466,0.5620094537734985,0.3615889549255371,0.14072023332118988,0.07990187406539917,0.6263336539268494,0.11419840902090073,0.45027822256088257,0.31735020875930786,0.664954662322998,0.7009853720664978,0.39620542526245117,0.5578867197036743,0.6953325271606445,0.5685150027275085,0.3308999538421631,0.5255274176597595,0.9538453817367554,0.6880125999450684,0.273664265871048,0.48864203691482544,0.986097514629364,0.6128472089767456,0.3321494162082672,0.39233335852622986,0.16056981682777405,0.43439924716949463,0.12937398254871368,0.2601558566093445,0.443149209022522,0.5949026942253113,0.5301846265792847,0.9036913514137268,0.1632160097360611,0.7580439448356628
2066ready3,0.37354737520217896,0.3147241175174713,0.2371852844953537,0.1171468123793602,0.5916646718978882,0.09985436499118805,0.21045172214508057,0.14325325191020966,1.0150688886642456,0.10583934187889099,0.46434080600738525,0.6883326172828674,0.14410752058029175,0.18922550976276398,0.2053050845861435,0.1482977569103241,0.3857184052467346,0.3928877115249634,0.08187317103147507,0.3226713538169861,0.08838940411806107,0.5616671442985535,0.3996354341506958,0.32550323009490967,0.05077708140015602,0.6163485646247864,0.28792068362236023,0.33490079641342163,0.45943108201026917,0.20086607336997986,0.5447961091995239,0.34793904423713684,0.12440411746501923,0.05847729369997978,0.6112529635429382,0.09698851406574249,0.4487190544605255,0.2955286204814911,0.6640766859054565,0.6841855049133301,0.351962149143219,0.5475839376449585,0.6977973580360413,0.5573527216911316,0.3170797526836395,0.5286550521850586,0.9475593566894531,0.6744858026504517,0.2552308440208435,0.4692012369632721,0.977109968662262,0.6116316914558411,0.24754393100738525,0.3886845111846924,0.14902831614017487,0.4303366243839264,0.10836862027645111,0.2431451827287674,0.4266927242279053,0.5773106813430786,0.5456443428993225,0.9020180106163025,0.1528884768486023,0.7449689507484436
2148disease17,0.3704337179660797,0.3444979190826416,0.250820517539978,0.15148118138313293,0.5788996815681458,0.17659659683704376,0.24561366438865662,0.16632944345474243,1.031053900718689,0.10341262072324753,0.4812445044517517,0.7203994989395142,0.1730457991361618,0.21450720727443695,0.25682565569877625,0.18691836297512054,0.34845542907714844,0.42999303340911865,0.08873088657855988,0.32723796367645264,0.15153002738952637,0.5661112666130066,0.44034063816070557,0.3010669946670532,0.07129868119955063,0.634404182434082,0.31109875440597534,0.37374335527420044,0.5103315711021423,0.24587604403495789,0.581068754196167,0.35810139775276184,0.17328642308712006,0.0822310745716095,0.6344333291053772,0.12488116323947906,0.466043621301651,0.3227907717227936,0.6626943349838257,0.7161794304847717,0.4142383933067322,0.5721744894981384,0.6940088868141174,0.5813400745391846,0.3328218162059784,0.5149447321891785,0.946857213973999,0.6961232423782349,0.29103007912635803,0.49700939655303955,1.0024609565734863,0.6187456250190735,0.3557097017765045,0.3944335877895355,0.18807019293308258,0.4417402446269989,0.16389189660549164,0.2781616449356079,0.45716002583503723,0.6141982674598694,0.5227484107017517,0.9048430919647217,0.17943336069583893,0.7775021195411682
